event,band,time_original_mjd,time_days,flux,flux_err,flux_units,source_json,preprocessing
AT2020zso,r.ztf,58469.06981479982,0.0,2.453395029216262e-06,6.447390121090418e-06,catalog flux units,AT2020zso.json.txt,positive finite flux/error only; time shifted per band to min(time)=0
AT2020zso,r.ztf,58490.09135420015,21.021539400331676,9.131854227405164e-06,1.216126465261057e-05,catalog flux units,AT2020zso.json.txt,positive finite flux/error only; time shifted per band to min(time)=0
AT2020zso,r.ztf,58491.08829860017,22.018483800347894,1.853199750266142e-05,1.0002397843115406e-05,catalog flux units,AT2020zso.json.txt,positive finite flux/error only; time shifted per band to min(time)=0
AT2020zso,r.ztf,58491.0931712999,22.023356500081718,6.293785703597469e-06,7.977393911492366e-06,catalog flux units,AT2020zso.json.txt,positive finite flux/error only; time shifted per band to min(time)=0
AT2020zso,r.ztf,58491.0980440001,22.028229200281203,9.151755961510994e-07,9.417257673568009e-06,catalog flux units,AT2020zso.json.txt,positive finite flux/error only; time shifted per band to min(time)=0
AT2020zso,r.ztf,58493.08912040014,24.019305600319058,2.3601004681957916e-05,1.2140692754876217e-05,catalog flux units,AT2020zso.json.txt,positive finite flux/error only; time shifted per band to min(time)=0
AT2020zso,r.ztf,58666.420231500175,197.3504167003557,2.0928061684851564e-06,3.434361763474238e-06,catalog flux units,AT2020zso.json.txt,positive finite flux/error only; time shifted per band to min(time)=0
AT2020zso,r.ztf,58669.41769680008,200.34788200026378,6.747596194486686e-07,3.1909871307530844e-06,catalog flux units,AT2020zso.json.txt,positive finite flux/error only; time shifted per band to min(time)=0
AT2020zso,r.ztf,58681.41914349981,212.34932869998738,8.939788614889068e-06,1.045642272863033e-05,catalog flux units,AT2020zso.json.txt,positive finite flux/error only; time shifted per band to min(time)=0
AT2020zso,r.ztf,58690.39909720002,221.32928240019828,2.7664514317946044e-06,3.2518569367026572e-06,catalog flux units,AT2020zso.json.txt,positive finite flux/error only; time shifted per band to min(time)=0
AT2020zso,r.ztf,58691.39061339991,222.32079860009253,5.840960435415202e-06,3.4266575180774277e-06,catalog flux units,AT2020zso.json.txt,positive finite flux/error only; time shifted per band to min(time)=0
AT2020zso,r.ztf,58693.39583329996,224.3260185001418,1.6256462901449485e-06,3.180594986410598e-06,catalog flux units,AT2020zso.json.txt,positive finite flux/error only; time shifted per band to min(time)=0
AT2020zso,r.ztf,58694.38709490001,225.31728010019287,8.595575656681678e-07,3.1853240462706414e-06,catalog flux units,AT2020zso.json.txt,positive finite flux/error only; time shifted per band to min(time)=0
AT2020zso,r.ztf,58697.39761570003,228.3278009002097,2.5806715552612063e-06,3.547334890552427e-06,catalog flux units,AT2020zso.json.txt,positive finite flux/error only; time shifted per band to min(time)=0
AT2020zso,r.ztf,58698.41442129994,229.34460650011897,1.1810001228908113e-05,3.7765971718206457e-06,catalog flux units,AT2020zso.json.txt,positive finite flux/error only; time shifted per band to min(time)=0
AT2020zso,r.ztf,58714.37472219998,245.30490740016103,4.860503671610736e-06,7.144949531338767e-06,catalog flux units,AT2020zso.json.txt,positive finite flux/error only; time shifted per band to min(time)=0
AT2020zso,r.ztf,58715.36482639983,246.29501160001382,7.4059537992069095e-06,5.656922910916406e-06,catalog flux units,AT2020zso.json.txt,positive finite flux/error only; time shifted per band to min(time)=0
AT2020zso,r.ztf,58717.332013899926,248.26219910010695,6.628830824559817e-07,4.892303943193248e-06,catalog flux units,AT2020zso.json.txt,positive finite flux/error only; time shifted per band to min(time)=0
AT2020zso,r.ztf,58736.37096060021,267.30114580038935,1.5562174822231454e-05,1.0822540059054417e-05,catalog flux units,AT2020zso.json.txt,positive finite flux/error only; time shifted per band to min(time)=0
AT2020zso,r.ztf,58744.36002309993,275.29020830010995,6.277788998929875e-06,6.507738308996862e-06,catalog flux units,AT2020zso.json.txt,positive finite flux/error only; time shifted per band to min(time)=0
AT2020zso,r.ztf,58750.27702549985,281.20721070002764,1.126358987171553e-06,5.8259071831412e-06,catalog flux units,AT2020zso.json.txt,positive finite flux/error only; time shifted per band to min(time)=0
AT2020zso,r.ztf,58781.2436573999,312.1738426000811,2.2573133686165254e-06,9.431361964392968e-06,catalog flux units,AT2020zso.json.txt,positive finite flux/error only; time shifted per band to min(time)=0
AT2020zso,r.ztf,58854.092164400034,385.0223496002145,1.0055704891748572e-05,1.0575111885657683e-05,catalog flux units,AT2020zso.json.txt,positive finite flux/error only; time shifted per band to min(time)=0
AT2020zso,r.ztf,58854.097025500145,385.02721070032567,9.726375332440002e-06,1.0600291515105714e-05,catalog flux units,AT2020zso.json.txt,positive finite flux/error only; time shifted per band to min(time)=0
AT2020zso,r.ztf,59018.462800899986,549.392986100167,3.1632023138094796e-06,2.7380282947766977e-06,catalog flux units,AT2020zso.json.txt,positive finite flux/error only; time shifted per band to min(time)=0
AT2020zso,r.ztf,59024.47924769996,555.4094329001382,9.282325612317952e-06,5.236585640048405e-06,catalog flux units,AT2020zso.json.txt,positive finite flux/error only; time shifted per band to min(time)=0
AT2020zso,r.ztf,59030.46310190018,561.3932871003635,2.6615231666690245e-06,5.337826425289567e-06,catalog flux units,AT2020zso.json.txt,positive finite flux/error only; time shifted per band to min(time)=0
AT2020zso,r.ztf,59045.35843749996,576.2886227001436,7.2121548563068325e-06,3.5877444256544736e-06,catalog flux units,AT2020zso.json.txt,positive finite flux/error only; time shifted per band to min(time)=0
AT2020zso,r.ztf,59054.398206000216,585.3283912003972,1.6447575058746827e-06,3.638044645948461e-06,catalog flux units,AT2020zso.json.txt,positive finite flux/error only; time shifted per band to min(time)=0
AT2020zso,r.ztf,59057.456701400224,588.386886600405,1.568317877095555e-07,3.3464560082904448e-06,catalog flux units,AT2020zso.json.txt,positive finite flux/error only; time shifted per band to min(time)=0
AT2020zso,r.ztf,59061.36199070001,592.2921759001911,1.5013323157241134e-06,5.2554364729860114e-06,catalog flux units,AT2020zso.json.txt,positive finite flux/error only; time shifted per band to min(time)=0
AT2020zso,r.ztf,59063.355428200215,594.285613400396,4.308926800714612e-06,9.188917846072237e-06,catalog flux units,AT2020zso.json.txt,positive finite flux/error only; time shifted per band to min(time)=0
AT2020zso,r.ztf,59069.40163190011,600.3318171002902,7.896732761524556e-06,4.736937294715287e-06,catalog flux units,AT2020zso.json.txt,positive finite flux/error only; time shifted per band to min(time)=0
AT2020zso,r.ztf,59073.44103009999,604.3712153001688,9.69957716633694e-06,3.954992061026957e-06,catalog flux units,AT2020zso.json.txt,positive finite flux/error only; time shifted per band to min(time)=0
AT2020zso,r.ztf,59079.35612270003,610.2863079002127,1.868593929373194e-06,3.824678050390514e-06,catalog flux units,AT2020zso.json.txt,positive finite flux/error only; time shifted per band to min(time)=0
AT2020zso,r.ztf,59088.357175900135,619.287361100316,1.035320187929231e-05,4.3470833872264655e-06,catalog flux units,AT2020zso.json.txt,positive finite flux/error only; time shifted per band to min(time)=0
AT2020zso,r.ztf,59098.318669000175,629.2488542003557,4.067968206453814e-06,6.3585899155202344e-06,catalog flux units,AT2020zso.json.txt,positive finite flux/error only; time shifted per band to min(time)=0
AT2020zso,r.ztf,59099.31229169993,630.2424769001082,1.1948211412345709e-06,5.412911258672665e-06,catalog flux units,AT2020zso.json.txt,positive finite flux/error only; time shifted per band to min(time)=0
AT2020zso,r.ztf,59114.273888899945,645.2040741001256,4.050534439077923e-06,3.958484211711633e-06,catalog flux units,AT2020zso.json.txt,positive finite flux/error only; time shifted per band to min(time)=0
AT2020zso,r.ztf,59114.27482639998,645.2050116001628,5.397162133214959e-06,3.738933440600554e-06,catalog flux units,AT2020zso.json.txt,positive finite flux/error only; time shifted per band to min(time)=0
AT2020zso,r.ztf,59128.232523099985,659.1627083001658,8.49922195486052e-07,6.179876906129744e-06,catalog flux units,AT2020zso.json.txt,positive finite flux/error only; time shifted per band to min(time)=0
AT2020zso,r.ztf,59128.23346060002,659.1636458002031,6.595792478392278e-06,5.878482094877897e-06,catalog flux units,AT2020zso.json.txt,positive finite flux/error only; time shifted per band to min(time)=0
AT2020zso,r.ztf,59130.19037039997,661.1205556001514,3.5388901811466726e-06,3.7402252838741627e-06,catalog flux units,AT2020zso.json.txt,positive finite flux/error only; time shifted per band to min(time)=0
AT2020zso,r.ztf,59134.19236110011,665.122546300292,8.564582587286328e-07,4.251579453222411e-06,catalog flux units,AT2020zso.json.txt,positive finite flux/error only; time shifted per band to min(time)=0
AT2020zso,r.ztf,59136.19041670021,667.1206019003876,3.1332636156734102e-06,3.962670849974386e-06,catalog flux units,AT2020zso.json.txt,positive finite flux/error only; time shifted per band to min(time)=0
AT2020zso,r.ztf,59136.191342600156,667.1215278003365,7.271667460824367e-06,3.477207287030735e-06,catalog flux units,AT2020zso.json.txt,positive finite flux/error only; time shifted per band to min(time)=0
AT2020zso,r.ztf,59139.26287040021,670.1930556003936,3.4379248843098505e-08,4.737379921194139e-06,catalog flux units,AT2020zso.json.txt,positive finite flux/error only; time shifted per band to min(time)=0
AT2020zso,r.ztf,59141.16961809993,672.0998033001088,8.732845543620687e-06,5.445009445091304e-06,catalog flux units,AT2020zso.json.txt,positive finite flux/error only; time shifted per band to min(time)=0
AT2020zso,r.ztf,59143.228506899904,674.1586921000853,2.9786063272547345e-06,3.320277908844131e-06,catalog flux units,AT2020zso.json.txt,positive finite flux/error only; time shifted per band to min(time)=0
AT2020zso,r.ztf,59143.22944439994,674.1596296001226,3.285144574726718e-06,3.1671294903893473e-06,catalog flux units,AT2020zso.json.txt,positive finite flux/error only; time shifted per band to min(time)=0
AT2020zso,r.ztf,59145.16864580009,676.0988310002722,7.444722272232358e-06,4.153888510018198e-06,catalog flux units,AT2020zso.json.txt,positive finite flux/error only; time shifted per band to min(time)=0
AT2020zso,r.ztf,59152.20431709988,683.1345023000613,1.4880785548564434e-05,9.212792490710995e-06,catalog flux units,AT2020zso.json.txt,positive finite flux/error only; time shifted per band to min(time)=0
AT2020zso,r.ztf,59154.187384299934,685.1175695001148,1.0480272676703734e-05,8.368893941552362e-06,catalog flux units,AT2020zso.json.txt,positive finite flux/error only; time shifted per band to min(time)=0
AT2020zso,r.ztf,59154.19332179986,685.1235070000403,1.0634940989627801e-05,8.472184175564029e-06,catalog flux units,AT2020zso.json.txt,positive finite flux/error only; time shifted per band to min(time)=0
AT2020zso,r.ztf,59155.110092599876,686.0402778000571,2.9568537688974657e-06,4.952016819073616e-06,catalog flux units,AT2020zso.json.txt,positive finite flux/error only; time shifted per band to min(time)=0
AT2020zso,r.ztf,59157.21366900019,688.1438542003743,3.864460658979426e-06,6.819540066339838e-06,catalog flux units,AT2020zso.json.txt,positive finite flux/error only; time shifted per band to min(time)=0
AT2020zso,r.ztf,59158.13843750022,689.0686227004044,6.006081359354105e-06,4.495249141714068e-06,catalog flux units,AT2020zso.json.txt,positive finite flux/error only; time shifted per band to min(time)=0
AT2020zso,r.ztf,59158.145937500056,689.0761227002367,5.687556596971392e-06,4.4126158963991846e-06,catalog flux units,AT2020zso.json.txt,positive finite flux/error only; time shifted per band to min(time)=0
AT2020zso,r.ztf,59164.147766199894,695.0779514000751,2.421000582295152e-05,5.619554927000965e-06,catalog flux units,AT2020zso.json.txt,positive finite flux/error only; time shifted per band to min(time)=0
AT2020zso,r.ztf,59164.149166699965,695.0793519001454,1.5671572173438288e-05,5.661952537776531e-06,catalog flux units,AT2020zso.json.txt,positive finite flux/error only; time shifted per band to min(time)=0
AT2020zso,r.ztf,59165.084907399956,696.015092600137,1.980459679624147e-05,3.9270623196916366e-06,catalog flux units,AT2020zso.json.txt,positive finite flux/error only; time shifted per band to min(time)=0
AT2020zso,r.ztf,59165.08584489999,696.0160301001742,1.799550828735431e-05,4.370085511198187e-06,catalog flux units,AT2020zso.json.txt,positive finite flux/error only; time shifted per band to min(time)=0
AT2020zso,r.ztf,59167.192592599895,698.1227778000757,2.601039738723091e-05,4.874891934744605e-06,catalog flux units,AT2020zso.json.txt,positive finite flux/error only; time shifted per band to min(time)=0
AT2020zso,r.ztf,59168.12429400021,699.054479200393,4.599392987130133e-05,4.825911160255579e-06,catalog flux units,AT2020zso.json.txt,positive finite flux/error only; time shifted per band to min(time)=0
AT2020zso,r.ztf,59168.16660880018,699.0967940003611,3.387184246679375e-05,5.023382021992255e-06,catalog flux units,AT2020zso.json.txt,positive finite flux/error only; time shifted per band to min(time)=0
AT2020zso,r.ztf,59170.10788189992,701.038067100104,8.038046794347248e-05,4.548970940443483e-06,catalog flux units,AT2020zso.json.txt,positive finite flux/error only; time shifted per band to min(time)=0
AT2020zso,r.ztf,59170.10881939996,701.0390046001412,9.049757567072354e-05,5.0595227833290644e-06,catalog flux units,AT2020zso.json.txt,positive finite flux/error only; time shifted per band to min(time)=0
AT2020zso,r.ztf,59182.197233799845,713.1274190000258,0.00018709664722092265,1.0956279183869475e-05,catalog flux units,AT2020zso.json.txt,positive finite flux/error only; time shifted per band to min(time)=0
AT2020zso,r.ztf,59187.16989579983,718.1000810000114,0.000234438359296412,1.1026504532722281e-05,catalog flux units,AT2020zso.json.txt,positive finite flux/error only; time shifted per band to min(time)=0
AT2020zso,r.ztf,59188.1083217999,719.0385070000775,0.00023296854104081958,8.889079017267729e-06,catalog flux units,AT2020zso.json.txt,positive finite flux/error only; time shifted per band to min(time)=0
AT2020zso,r.ztf,59189.171423600055,720.1016088002361,0.00025374399563041623,8.86294972645351e-06,catalog flux units,AT2020zso.json.txt,positive finite flux/error only; time shifted per band to min(time)=0
AT2020zso,r.ztf,59198.13516200008,729.0653472002596,0.00020503716585059317,1.12122000332468e-05,catalog flux units,AT2020zso.json.txt,positive finite flux/error only; time shifted per band to min(time)=0
AT2020zso,r.ztf,59199.12416670006,730.0543519002385,0.0001963280946724354,1.0117523324686721e-05,catalog flux units,AT2020zso.json.txt,positive finite flux/error only; time shifted per band to min(time)=0
AT2020zso,r.ztf,59200.11087960005,731.0410648002289,0.00020680223381886037,8.146801004199224e-06,catalog flux units,AT2020zso.json.txt,positive finite flux/error only; time shifted per band to min(time)=0
AT2020zso,r.ztf,59205.12766199978,736.0578471999615,0.0001550146843044014,8.40493038825009e-06,catalog flux units,AT2020zso.json.txt,positive finite flux/error only; time shifted per band to min(time)=0
AT2020zso,r.ztf,59205.13001159998,736.0601968001574,0.0001567867091315341,7.826876923145745e-06,catalog flux units,AT2020zso.json.txt,positive finite flux/error only; time shifted per band to min(time)=0
AT2020zso,r.ztf,59211.13950229995,742.0696875001304,9.731618323160457e-05,1.3365199127942667e-05,catalog flux units,AT2020zso.json.txt,positive finite flux/error only; time shifted per band to min(time)=0
AT2020zso,r.ztf,59211.141377300024,742.0715625002049,0.00011049594844962211,1.4031402090530935e-05,catalog flux units,AT2020zso.json.txt,positive finite flux/error only; time shifted per band to min(time)=0
AT2020zso,r.ztf,59219.091932899784,750.0221180999652,7.308538263182666e-05,6.9823635382711995e-06,catalog flux units,AT2020zso.json.txt,positive finite flux/error only; time shifted per band to min(time)=0
AT2020zso,r.ztf,59219.09435189981,750.024537099991,7.745322586260979e-05,6.843109063859017e-06,catalog flux units,AT2020zso.json.txt,positive finite flux/error only; time shifted per band to min(time)=0
AT2020zso,r.ztf,59219.09675930021,750.0269445003942,7.633256811290027e-05,6.487196665522722e-06,catalog flux units,AT2020zso.json.txt,positive finite flux/error only; time shifted per band to min(time)=0
AT2020zso,r.ztf,59219.09916670015,750.0293519003317,6.888329186110095e-05,6.442198931821008e-06,catalog flux units,AT2020zso.json.txt,positive finite flux/error only; time shifted per band to min(time)=0
AT2020zso,r.ztf,59220.07843750017,751.0086227003485,7.227560627438642e-05,9.543806834917332e-06,catalog flux units,AT2020zso.json.txt,positive finite flux/error only; time shifted per band to min(time)=0
AT2020zso,r.ztf,59220.080902799964,751.0110880001448,6.449218939004193e-05,8.757069404520301e-06,catalog flux units,AT2020zso.json.txt,positive finite flux/error only; time shifted per band to min(time)=0
AT2020zso,r.ztf,59220.083368100226,751.0135533004068,8.883168702393887e-05,8.804500038882345e-06,catalog flux units,AT2020zso.json.txt,positive finite flux/error only; time shifted per band to min(time)=0
AT2020zso,r.ztf,59220.085833299905,751.0160185000859,6.835992575118482e-05,7.574463303769761e-06,catalog flux units,AT2020zso.json.txt,positive finite flux/error only; time shifted per band to min(time)=0
AT2020zso,r.ztf,59220.08831019979,751.0184953999706,7.706945634396995e-05,8.182372570118925e-06,catalog flux units,AT2020zso.json.txt,positive finite flux/error only; time shifted per band to min(time)=0
AT2020zso,r.ztf,59223.08297450002,754.0131597002037,6.139212775970887e-05,1.4112066874528626e-05,catalog flux units,AT2020zso.json.txt,positive finite flux/error only; time shifted per band to min(time)=0
AT2020zso,r.ztf,59223.08539350005,754.0155787002295,7.275396634666524e-05,1.0668736873823153e-05,catalog flux units,AT2020zso.json.txt,positive finite flux/error only; time shifted per band to min(time)=0
AT2020zso,r.ztf,59223.087812500075,754.0179977002554,6.710757437685616e-05,9.304009300598267e-06,catalog flux units,AT2020zso.json.txt,positive finite flux/error only; time shifted per band to min(time)=0
AT2020zso,r.ztf,59223.0902315001,754.0204167002812,7.428460002969482e-05,8.902970908614701e-06,catalog flux units,AT2020zso.json.txt,positive finite flux/error only; time shifted per band to min(time)=0
AT2020zso,r.ztf,59224.083518499974,755.013703700155,5.631943956323514e-05,1.2986455052189715e-05,catalog flux units,AT2020zso.json.txt,positive finite flux/error only; time shifted per band to min(time)=0
AT2020zso,r.ztf,59224.08592589991,755.0161111000925,7.653400244934129e-05,1.0916454798172038e-05,catalog flux units,AT2020zso.json.txt,positive finite flux/error only; time shifted per band to min(time)=0
AT2020zso,r.ztf,59224.08834489994,755.0185301001184,6.58379762065747e-05,1.044746594059999e-05,catalog flux units,AT2020zso.json.txt,positive finite flux/error only; time shifted per band to min(time)=0
AT2020zso,r.ztf,59224.09076389996,755.0209491001442,6.89100732350664e-05,8.64909214458655e-06,catalog flux units,AT2020zso.json.txt,positive finite flux/error only; time shifted per band to min(time)=0
AT2020zso,r.ztf,59225.08163189981,756.0118170999922,7.048372369025405e-05,9.742914610153266e-06,catalog flux units,AT2020zso.json.txt,positive finite flux/error only; time shifted per band to min(time)=0
AT2020zso,r.ztf,59225.084062499925,756.0142477001064,5.415127473324692e-05,8.903340139469361e-06,catalog flux units,AT2020zso.json.txt,positive finite flux/error only; time shifted per band to min(time)=0
AT2020zso,r.ztf,59225.08649310004,756.0166783002205,6.266080284927555e-05,9.431902372455619e-06,catalog flux units,AT2020zso.json.txt,positive finite flux/error only; time shifted per band to min(time)=0
AT2020zso,r.ztf,59225.08892360004,756.0191088002175,6.649896551004211e-05,8.403739375369697e-06,catalog flux units,AT2020zso.json.txt,positive finite flux/error only; time shifted per band to min(time)=0
AT2020zso,r.ztf,59225.09135420015,756.0215394003317,5.5617484390868744e-05,8.622226323500673e-06,catalog flux units,AT2020zso.json.txt,positive finite flux/error only; time shifted per band to min(time)=0
AT2020zso,r.ztf,59226.08267359994,757.0128588001244,5.190640102246115e-05,1.5126289803325952e-05,catalog flux units,AT2020zso.json.txt,positive finite flux/error only; time shifted per band to min(time)=0
AT2020zso,r.ztf,59226.08508099988,757.0152662000619,8.601548336907446e-05,1.3487297823127393e-05,catalog flux units,AT2020zso.json.txt,positive finite flux/error only; time shifted per band to min(time)=0
AT2020zso,r.ztf,59226.08747689985,757.0176621000282,6.862703571933411e-05,1.2428930832484547e-05,catalog flux units,AT2020zso.json.txt,positive finite flux/error only; time shifted per band to min(time)=0
AT2020zso,r.ztf,59226.089884299785,757.0200694999658,4.5181722360854055e-05,1.2014236723814373e-05,catalog flux units,AT2020zso.json.txt,positive finite flux/error only; time shifted per band to min(time)=0
AT2020zso,r.ztf,59227.083240699954,758.0134259001352,6.914515985419228e-05,1.3700338115173581e-05,catalog flux units,AT2020zso.json.txt,positive finite flux/error only; time shifted per band to min(time)=0
AT2020zso,r.ztf,59227.08564809989,758.0158333000727,4.010815540143434e-05,1.1271992012561366e-05,catalog flux units,AT2020zso.json.txt,positive finite flux/error only; time shifted per band to min(time)=0
AT2020zso,r.ztf,59227.08805559995,758.0182408001274,4.321053407279204e-05,1.013819587293015e-05,catalog flux units,AT2020zso.json.txt,positive finite flux/error only; time shifted per band to min(time)=0
AT2020zso,r.ztf,59227.090451399796,758.0206365999766,6.330612554363578e-05,1.0009408298608392e-05,catalog flux units,AT2020zso.json.txt,positive finite flux/error only; time shifted per band to min(time)=0
AT2020zso,r.ztf,59227.0928588002,758.0230440003797,6.0518838114796435e-05,1.205439926631208e-05,catalog flux units,AT2020zso.json.txt,positive finite flux/error only; time shifted per band to min(time)=0
AT2020zso,r.ztf,59364.48289350001,895.4130787001923,1.1429629754902574e-05,9.385497387496842e-06,catalog flux units,AT2020zso.json.txt,positive finite flux/error only; time shifted per band to min(time)=0
AT2020zso,r.ztf,59368.427893499844,899.3580787000246,8.466865116865652e-06,6.001858594132871e-06,catalog flux units,AT2020zso.json.txt,positive finite flux/error only; time shifted per band to min(time)=0
AT2020zso,r.ztf,59373.40276619978,904.3329513999633,3.6450411518171625e-06,5.5621661300344645e-06,catalog flux units,AT2020zso.json.txt,positive finite flux/error only; time shifted per band to min(time)=0
AT2020zso,r.ztf,59377.43546300009,908.3656482002698,9.404786099955334e-06,3.835249335550314e-06,catalog flux units,AT2020zso.json.txt,positive finite flux/error only; time shifted per band to min(time)=0
AT2020zso,r.ztf,59379.398310199846,910.3284954000264,7.861492867096892e-06,4.197361356524079e-06,catalog flux units,AT2020zso.json.txt,positive finite flux/error only; time shifted per band to min(time)=0
AT2020zso,r.ztf,59391.398206000216,922.3283912003972,1.540349774922271e-05,1.0099622311195847e-05,catalog flux units,AT2020zso.json.txt,positive finite flux/error only; time shifted per band to min(time)=0
AT2020zso,r.ztf,59403.419699099846,934.349884300027,5.219370702969634e-07,3.8946228809210026e-06,catalog flux units,AT2020zso.json.txt,positive finite flux/error only; time shifted per band to min(time)=0
AT2020zso,r.ztf,59414.44031250011,945.3704977002926,1.1024649301954044e-06,3.251336907624495e-06,catalog flux units,AT2020zso.json.txt,positive finite flux/error only; time shifted per band to min(time)=0
AT2020zso,r.ztf,59423.42144680023,954.3516320004128,1.0466453595316823e-06,9.472219210297179e-06,catalog flux units,AT2020zso.json.txt,positive finite flux/error only; time shifted per band to min(time)=0
AT2020zso,r.ztf,59426.40009259991,957.3302778000943,5.096897684306715e-06,4.6708801949322e-06,catalog flux units,AT2020zso.json.txt,positive finite flux/error only; time shifted per band to min(time)=0
AT2020zso,r.ztf,59426.401979200076,957.3321644002572,5.968649641837249e-06,4.425490424173255e-06,catalog flux units,AT2020zso.json.txt,positive finite flux/error only; time shifted per band to min(time)=0
AT2020zso,r.ztf,59427.4293056,958.3594908001833,1.5717004161778445e-06,4.702500292574914e-06,catalog flux units,AT2020zso.json.txt,positive finite flux/error only; time shifted per band to min(time)=0
AT2020zso,r.ztf,59428.395937500056,959.3261227002367,7.26690703008848e-06,3.3984249144832813e-06,catalog flux units,AT2020zso.json.txt,positive finite flux/error only; time shifted per band to min(time)=0
AT2020zso,r.ztf,59446.34675930021,977.2769445003942,8.826707855176853e-06,1.074853547490388e-05,catalog flux units,AT2020zso.json.txt,positive finite flux/error only; time shifted per band to min(time)=0
AT2020zso,r.ztf,59446.35013889987,977.2803241000511,1.1769815988991387e-06,1.0287845327853995e-05,catalog flux units,AT2020zso.json.txt,positive finite flux/error only; time shifted per band to min(time)=0
AT2020zso,r.ztf,59451.30444440013,982.2346296003088,8.32496616247756e-07,8.519569858443729e-06,catalog flux units,AT2020zso.json.txt,positive finite flux/error only; time shifted per band to min(time)=0
AT2020zso,r.ztf,59451.30539349979,982.2355786999688,3.2207129014248867e-07,8.10887288698235e-06,catalog flux units,AT2020zso.json.txt,positive finite flux/error only; time shifted per band to min(time)=0
AT2020zso,r.ztf,59453.35097219981,984.2811573999934,4.1247222847765425e-06,4.902791720263384e-06,catalog flux units,AT2020zso.json.txt,positive finite flux/error only; time shifted per band to min(time)=0
AT2020zso,r.ztf,59453.35190969985,984.2820949000306,1.9831303606239983e-06,4.599204515014067e-06,catalog flux units,AT2020zso.json.txt,positive finite flux/error only; time shifted per band to min(time)=0
AT2020zso,r.ztf,59459.25803240016,990.1882176003419,2.012533740144384e-06,3.909403680179393e-06,catalog flux units,AT2020zso.json.txt,positive finite flux/error only; time shifted per band to min(time)=0
AT2020zso,r.ztf,59460.31478009978,991.244965299964,7.933032243979671e-06,3.2765011683812185e-06,catalog flux units,AT2020zso.json.txt,positive finite flux/error only; time shifted per band to min(time)=0
AT2020zso,r.ztf,59461.31225690013,992.2424421003088,2.7055543962599385e-06,3.4862304356882348e-06,catalog flux units,AT2020zso.json.txt,positive finite flux/error only; time shifted per band to min(time)=0
AT2020zso,r.ztf,59463.27458330011,994.2047685002908,6.0799033084252755e-06,3.433798603220049e-06,catalog flux units,AT2020zso.json.txt,positive finite flux/error only; time shifted per band to min(time)=0
AT2020zso,r.ztf,59465.33596060006,996.2661458002403,1.9948400375763926e-06,4.230357493260839e-06,catalog flux units,AT2020zso.json.txt,positive finite flux/error only; time shifted per band to min(time)=0
AT2020zso,r.ztf,59470.26091440022,1001.1910996004008,3.900107950196404e-06,3.1871438246920214e-06,catalog flux units,AT2020zso.json.txt,positive finite flux/error only; time shifted per band to min(time)=0
AT2020zso,r.ztf,59472.3603356001,1003.2905208002776,1.8208700163177956e-06,3.813054733607418e-06,catalog flux units,AT2020zso.json.txt,positive finite flux/error only; time shifted per band to min(time)=0
AT2020zso,r.ztf,59474.23666669987,1005.1668519000523,4.56592359391519e-06,7.704638235368951e-06,catalog flux units,AT2020zso.json.txt,positive finite flux/error only; time shifted per band to min(time)=0
AT2020zso,r.ztf,59480.25846059993,1011.18864580011,1.0094905255764024e-06,7.379795178491798e-06,catalog flux units,AT2020zso.json.txt,positive finite flux/error only; time shifted per band to min(time)=0
AT2020zso,r.ztf,59485.232580999844,1016.1627662000246,4.550883383393057e-06,3.778563135983152e-06,catalog flux units,AT2020zso.json.txt,positive finite flux/error only; time shifted per band to min(time)=0
AT2020zso,r.ztf,59498.23792820005,1029.1681134002283,9.159175388267177e-06,4.120352907995144e-06,catalog flux units,AT2020zso.json.txt,positive finite flux/error only; time shifted per band to min(time)=0
AT2020zso,r.ztf,59517.126944399904,1048.0571296000853,3.457299588446057e-06,3.5360634529327284e-06,catalog flux units,AT2020zso.json.txt,positive finite flux/error only; time shifted per band to min(time)=0
AT2020zso,r.ztf,59520.19020830002,1051.1203935001977,1.1715676808648755e-06,5.830082859292082e-06,catalog flux units,AT2020zso.json.txt,positive finite flux/error only; time shifted per band to min(time)=0
AT2020zso,r.ztf,59525.166215300094,1056.0964005002752,6.952237022576823e-06,3.4183209328383043e-06,catalog flux units,AT2020zso.json.txt,positive finite flux/error only; time shifted per band to min(time)=0
AT2020zso,r.ztf,59529.14648150001,1060.076666700188,8.59164581023448e-06,6.248605645988859e-06,catalog flux units,AT2020zso.json.txt,positive finite flux/error only; time shifted per band to min(time)=0
AT2020zso,r.ztf,59540.17704859981,1071.107233799994,3.116141977465652e-06,9.283422448819125e-06,catalog flux units,AT2020zso.json.txt,positive finite flux/error only; time shifted per band to min(time)=0
AT2020zso,r.ztf,59542.16431709984,1073.094502300024,3.945426838881755e-06,5.179655567783625e-06,catalog flux units,AT2020zso.json.txt,positive finite flux/error only; time shifted per band to min(time)=0
AT2020zso,r.ztf,59731.4553704001,1262.3855556002818,1.2958439749107935e-05,5.731247739188023e-06,catalog flux units,AT2020zso.json.txt,positive finite flux/error only; time shifted per band to min(time)=0
AT2020zso,r.ztf,59737.4811689998,1268.4113541999832,2.0392587287778747e-06,6.460251027844228e-06,catalog flux units,AT2020zso.json.txt,positive finite flux/error only; time shifted per band to min(time)=0
AT2020zso,r.ztf,59744.39983800007,1275.3300232002512,7.631623288845707e-06,1.3504050375196024e-05,catalog flux units,AT2020zso.json.txt,positive finite flux/error only; time shifted per band to min(time)=0
AT2020zso,r.ztf,59751.43129630014,1282.3614815003239,2.9203797378801398e-06,4.38449164557232e-06,catalog flux units,AT2020zso.json.txt,positive finite flux/error only; time shifted per band to min(time)=0
AT2020zso,r.ztf,59759.48383100005,1290.4140162002295,7.660742714768128e-06,5.657088874545591e-06,catalog flux units,AT2020zso.json.txt,positive finite flux/error only; time shifted per band to min(time)=0
AT2020zso,r.ztf,59778.41952549992,1309.3497107001022,1.3407833136617738e-05,8.37565658868863e-06,catalog flux units,AT2020zso.json.txt,positive finite flux/error only; time shifted per band to min(time)=0
AT2020zso,r.ztf,59785.379814799875,1316.3100000000559,4.296365887656875e-06,3.224712119323427e-06,catalog flux units,AT2020zso.json.txt,positive finite flux/error only; time shifted per band to min(time)=0
AT2020zso,r.ztf,59787.35158560006,1318.2817708002403,9.617961062720478e-07,3.216461301616256e-06,catalog flux units,AT2020zso.json.txt,positive finite flux/error only; time shifted per band to min(time)=0
AT2020zso,r.ztf,59795.37712959992,1326.3073148000985,8.738649938643799e-07,3.4137535784893167e-06,catalog flux units,AT2020zso.json.txt,positive finite flux/error only; time shifted per band to min(time)=0
AT2020zso,r.ztf,59798.356377299875,1329.2865625000559,2.9108766990346346e-06,3.257475096142616e-06,catalog flux units,AT2020zso.json.txt,positive finite flux/error only; time shifted per band to min(time)=0
AT2020zso,r.ztf,59810.32067129994,1341.250856500119,6.1052151475282246e-06,5.443193903632888e-06,catalog flux units,AT2020zso.json.txt,positive finite flux/error only; time shifted per band to min(time)=0
AT2020zso,r.ztf,59822.294953700155,1353.2251389003359,9.131664143136239e-07,4.6662635178931575e-06,catalog flux units,AT2020zso.json.txt,positive finite flux/error only; time shifted per band to min(time)=0
AT2020zso,r.ztf,59824.31478009978,1355.244965299964,5.461970950513953e-06,3.5670052234033544e-06,catalog flux units,AT2020zso.json.txt,positive finite flux/error only; time shifted per band to min(time)=0
AT2020zso,r.ztf,59826.31121530011,1357.2414005002938,2.4744750099696232e-06,3.6292670357190802e-06,catalog flux units,AT2020zso.json.txt,positive finite flux/error only; time shifted per band to min(time)=0
AT2020zso,r.ztf,59843.28300930001,1374.2131945001893,1.5440895577413833e-06,3.493539990527614e-06,catalog flux units,AT2020zso.json.txt,positive finite flux/error only; time shifted per band to min(time)=0
AT2020zso,r.ztf,59845.266145799775,1376.1963309999555,6.666985094910799e-06,3.5949738608657015e-06,catalog flux units,AT2020zso.json.txt,positive finite flux/error only; time shifted per band to min(time)=0
AT2020zso,r.ztf,59850.232453700155,1381.1626389003359,3.4066138230969234e-06,3.4115794180806953e-06,catalog flux units,AT2020zso.json.txt,positive finite flux/error only; time shifted per band to min(time)=0
AT2020zso,r.ztf,59852.211412000004,1383.141597200185,6.650243777345643e-06,3.5416548243982896e-06,catalog flux units,AT2020zso.json.txt,positive finite flux/error only; time shifted per band to min(time)=0
AT2020zso,r.ztf,59854.27476850012,1385.204953700304,7.100475251341656e-07,3.2691394598478472e-06,catalog flux units,AT2020zso.json.txt,positive finite flux/error only; time shifted per band to min(time)=0
AT2020zso,r.ztf,59856.22473380016,1387.1549190003425,4.685009302115665e-06,5.108909838543539e-06,catalog flux units,AT2020zso.json.txt,positive finite flux/error only; time shifted per band to min(time)=0
AT2020zso,r.ztf,59865.16608799994,1396.0962732001208,1.0956304231067154e-05,4.900174872283284e-06,catalog flux units,AT2020zso.json.txt,positive finite flux/error only; time shifted per band to min(time)=0
AT2020zso,r.ztf,59872.19164349977,1403.1218286999501,3.151043530493035e-06,4.649959908607352e-06,catalog flux units,AT2020zso.json.txt,positive finite flux/error only; time shifted per band to min(time)=0
AT2020zso,r.ztf,59879.25744209997,1410.1876273001544,2.982586024053216e-06,5.449909546560291e-06,catalog flux units,AT2020zso.json.txt,positive finite flux/error only; time shifted per band to min(time)=0
AT2020zso,r.ztf,59883.12699070014,1414.0571759003215,5.9811163143220156e-06,4.825659689909034e-06,catalog flux units,AT2020zso.json.txt,positive finite flux/error only; time shifted per band to min(time)=0
AT2020zso,r.ztf,59897.21651619999,1428.1467014001682,4.873114755811627e-06,7.771941407775859e-06,catalog flux units,AT2020zso.json.txt,positive finite flux/error only; time shifted per band to min(time)=0
AT2020zso,r.ztf,59899.10559030017,1430.0357755003497,2.5370192269695957e-06,6.0201939369094275e-06,catalog flux units,AT2020zso.json.txt,positive finite flux/error only; time shifted per band to min(time)=0
AT2020zso,r.ztf,59903.1482406999,1434.0784259000793,3.517959152815991e-06,5.776968622825415e-06,catalog flux units,AT2020zso.json.txt,positive finite flux/error only; time shifted per band to min(time)=0
AT2020zso,r.ztf,59910.107199099846,1441.037384300027,5.821611486497771e-06,5.563792426961462e-06,catalog flux units,AT2020zso.json.txt,positive finite flux/error only; time shifted per band to min(time)=0
AT2020zso,r.ztf,59958.08679400012,1489.0169792002998,3.952771642699879e-06,1.3666743204285882e-05,catalog flux units,AT2020zso.json.txt,positive finite flux/error only; time shifted per band to min(time)=0
AT2020zso,r.ztf,59958.089213000145,1489.0193982003257,1.9313549477081158e-05,1.0573744856692149e-05,catalog flux units,AT2020zso.json.txt,positive finite flux/error only; time shifted per band to min(time)=0
AT2020zso,r.ztf,59958.09403940011,1489.024224600289,7.144690559030596e-06,1.043720944834185e-05,catalog flux units,AT2020zso.json.txt,positive finite flux/error only; time shifted per band to min(time)=0
AT2020zso,r.ztf,60103.40851850016,1634.3387037003413,3.867137552568596e-06,1.2636391888656145e-05,catalog flux units,AT2020zso.json.txt,positive finite flux/error only; time shifted per band to min(time)=0
AT2020zso,r.ztf,60108.44100689981,1639.3711920999922,4.90715345662473e-07,3.815334018103851e-06,catalog flux units,AT2020zso.json.txt,positive finite flux/error only; time shifted per band to min(time)=0
AT2020zso,r.ztf,60110.443113400135,1641.373298600316,3.3837322250027526e-06,4.470635099300707e-06,catalog flux units,AT2020zso.json.txt,positive finite flux/error only; time shifted per band to min(time)=0
AT2020zso,r.ztf,60113.443171299994,1644.3733565001749,9.812261427912052e-07,3.3903225683386727e-06,catalog flux units,AT2020zso.json.txt,positive finite flux/error only; time shifted per band to min(time)=0
AT2020zso,r.ztf,60121.45893519977,1652.389120399952,6.601782247021483e-06,3.775231917762762e-06,catalog flux units,AT2020zso.json.txt,positive finite flux/error only; time shifted per band to min(time)=0
AT2020zso,r.ztf,60124.455694399774,1655.385879599955,8.522360235619105e-07,3.5475514777843624e-06,catalog flux units,AT2020zso.json.txt,positive finite flux/error only; time shifted per band to min(time)=0
AT2020zso,r.ztf,60134.44061340019,1665.370798600372,3.843261112597455e-06,4.217514055441639e-06,catalog flux units,AT2020zso.json.txt,positive finite flux/error only; time shifted per band to min(time)=0
AT2020zso,r.ztf,60136.43418980017,1667.364375000354,7.87740379650124e-06,3.505681306393154e-06,catalog flux units,AT2020zso.json.txt,positive finite flux/error only; time shifted per band to min(time)=0
AT2020zso,r.ztf,60138.443946800195,1669.3741320003755,1.8101302422568761e-06,4.610734724096537e-06,catalog flux units,AT2020zso.json.txt,positive finite flux/error only; time shifted per band to min(time)=0
AT2020zso,r.ztf,60142.44004630018,1673.3702315003611,2.0434349692576624e-07,3.5915056694925153e-06,catalog flux units,AT2020zso.json.txt,positive finite flux/error only; time shifted per band to min(time)=0
AT2020zso,r.ztf,60147.44137729984,1678.3715625000186,3.1654402374880214e-06,3.703847744719974e-06,catalog flux units,AT2020zso.json.txt,positive finite flux/error only; time shifted per band to min(time)=0
AT2020zso,r.ztf,60149.39795139991,1680.3281366000883,3.213647116513532e-06,3.271403920946065e-06,catalog flux units,AT2020zso.json.txt,positive finite flux/error only; time shifted per band to min(time)=0
AT2020zso,r.ztf,60151.401493099984,1682.3316783001646,2.1772984662398772e-06,3.3491852238618043e-06,catalog flux units,AT2020zso.json.txt,positive finite flux/error only; time shifted per band to min(time)=0
AT2020zso,r.ztf,60153.43966440018,1684.3698496003635,3.5128294619260837e-06,3.900985219899905e-06,catalog flux units,AT2020zso.json.txt,positive finite flux/error only; time shifted per band to min(time)=0
AT2020zso,r.ztf,60161.372303199954,1692.3024884001352,5.400515867145161e-06,5.976762942731569e-06,catalog flux units,AT2020zso.json.txt,positive finite flux/error only; time shifted per band to min(time)=0
AT2020zso,r.ztf,60168.33628469985,1699.2664699000306,5.4272983246570155e-06,3.0755397371911174e-06,catalog flux units,AT2020zso.json.txt,positive finite flux/error only; time shifted per band to min(time)=0
AT2020zso,r.ztf,60170.37770830002,1701.3078935001977,8.793968195455746e-07,3.4755286764816313e-06,catalog flux units,AT2020zso.json.txt,positive finite flux/error only; time shifted per band to min(time)=0
AT2020zso,r.ztf,60183.35946760001,1714.2896528001875,1.201247926681523e-05,5.303172404006661e-06,catalog flux units,AT2020zso.json.txt,positive finite flux/error only; time shifted per band to min(time)=0
AT2020zso,r.ztf,60185.33612270001,1716.266307900194,1.152218865908527e-05,7.5989289501160515e-06,catalog flux units,AT2020zso.json.txt,positive finite flux/error only; time shifted per band to min(time)=0
AT2020zso,r.ztf,60193.385532400105,1724.315717600286,8.029624877911431e-07,4.214530146911926e-06,catalog flux units,AT2020zso.json.txt,positive finite flux/error only; time shifted per band to min(time)=0
AT2020zso,r.ztf,60195.275300899986,1726.205486100167,2.7172255597339173e-06,3.67110766288019e-06,catalog flux units,AT2020zso.json.txt,positive finite flux/error only; time shifted per band to min(time)=0
AT2020zso,r.ztf,60201.25937499991,1732.1895602000877,6.684703196520857e-07,3.684278995776118e-06,catalog flux units,AT2020zso.json.txt,positive finite flux/error only; time shifted per band to min(time)=0
AT2020zso,r.ztf,60203.24839119986,1734.1785764000379,4.867206782917482e-06,3.325378304590321e-06,catalog flux units,AT2020zso.json.txt,positive finite flux/error only; time shifted per band to min(time)=0
AT2020zso,r.ztf,60205.31932870019,1736.2495139003731,7.673322369231093e-06,3.5872131385502124e-06,catalog flux units,AT2020zso.json.txt,positive finite flux/error only; time shifted per band to min(time)=0
AT2020zso,r.ztf,60207.31225690013,1738.2424421003088,3.0690713014123263e-06,3.4938394769954682e-06,catalog flux units,AT2020zso.json.txt,positive finite flux/error only; time shifted per band to min(time)=0
AT2020zso,r.ztf,60211.18418980017,1742.114375000354,6.547535810100612e-06,5.6061293198133834e-06,catalog flux units,AT2020zso.json.txt,positive finite flux/error only; time shifted per band to min(time)=0
AT2020zso,r.ztf,60221.24412039993,1752.1743056001142,9.9252941299765e-06,5.732452214999905e-06,catalog flux units,AT2020zso.json.txt,positive finite flux/error only; time shifted per band to min(time)=0
AT2020zso,r.ztf,60231.16673609987,1762.0969213000499,9.365164397830118e-07,3.950097996936257e-06,catalog flux units,AT2020zso.json.txt,positive finite flux/error only; time shifted per band to min(time)=0
AT2020zso,r.ztf,60235.233356500044,1766.1635417002253,5.0807200218395604e-06,4.014362961203534e-06,catalog flux units,AT2020zso.json.txt,positive finite flux/error only; time shifted per band to min(time)=0
AT2020zso,r.ztf,60250.23140050005,1781.1615857002325,2.7059916869518297e-06,7.222345109890188e-06,catalog flux units,AT2020zso.json.txt,positive finite flux/error only; time shifted per band to min(time)=0
AT2020zso,r.ztf,60255.14789350005,1786.0780787002295,4.143799714205238e-06,4.262023770804904e-06,catalog flux units,AT2020zso.json.txt,positive finite flux/error only; time shifted per band to min(time)=0
AT2020zso,r.ztf,60464.421469899826,1995.3516551000066,6.937314709416766e-06,4.567506685349052e-06,catalog flux units,AT2020zso.json.txt,positive finite flux/error only; time shifted per band to min(time)=0
AT2020zso,r.ztf,60475.48063659994,2006.4108218001202,1.0498712882527097e-05,5.377121167471087e-06,catalog flux units,AT2020zso.json.txt,positive finite flux/error only; time shifted per band to min(time)=0
AT2020zso,r.ztf,60485.386157399975,2016.3163426001556,1.1179062207568413e-06,1.0698138514012736e-05,catalog flux units,AT2020zso.json.txt,positive finite flux/error only; time shifted per band to min(time)=0
AT2020zso,r.ztf,60489.37999999989,2020.310185200069,1.2347069275767811e-05,8.35219281246942e-06,catalog flux units,AT2020zso.json.txt,positive finite flux/error only; time shifted per band to min(time)=0
AT2020zso,r.ztf,60491.41151619982,2022.3417014000006,3.0822547472458623e-06,3.398790870825851e-06,catalog flux units,AT2020zso.json.txt,positive finite flux/error only; time shifted per band to min(time)=0
AT2020zso,r.ztf,60503.40130789997,2034.3314931001514,9.822624757791743e-06,4.826661578850001e-06,catalog flux units,AT2020zso.json.txt,positive finite flux/error only; time shifted per band to min(time)=0
AT2020zso,r.ztf,60519.391597200185,2050.321782400366,1.8795172540707955e-06,4.285835222754478e-06,catalog flux units,AT2020zso.json.txt,positive finite flux/error only; time shifted per band to min(time)=0
AT2020zso,r.ztf,60521.42017359985,2052.3503588000312,1.4529970143471953e-06,5.325199633760218e-06,catalog flux units,AT2020zso.json.txt,positive finite flux/error only; time shifted per band to min(time)=0
AT2020zso,r.ztf,60525.31111110002,2056.241296300199,2.155447181623225e-06,3.562629307319304e-06,catalog flux units,AT2020zso.json.txt,positive finite flux/error only; time shifted per band to min(time)=0
AT2020zso,r.ztf,60527.37693289993,2058.307118100114,6.31147596842468e-06,3.6491577502378494e-06,catalog flux units,AT2020zso.json.txt,positive finite flux/error only; time shifted per band to min(time)=0
AT2020zso,r.ztf,60535.413310199976,2066.343495400157,2.405160844523315e-06,3.049414237243694e-06,catalog flux units,AT2020zso.json.txt,positive finite flux/error only; time shifted per band to min(time)=0
AT2020zso,r.ztf,60537.32619210007,2068.2563773002476,1.4957707199733962e-06,5.071678116324578e-06,catalog flux units,AT2020zso.json.txt,positive finite flux/error only; time shifted per band to min(time)=0
AT2020zso,r.ztf,60549.35587960016,2080.2860648003407,4.824381132525028e-06,3.751878291294112e-06,catalog flux units,AT2020zso.json.txt,positive finite flux/error only; time shifted per band to min(time)=0
AT2020zso,r.ztf,60556.293576399796,2087.2237615999766,3.2555648579212996e-06,3.885914919719025e-06,catalog flux units,AT2020zso.json.txt,positive finite flux/error only; time shifted per band to min(time)=0
AT2020zso,r.ztf,60558.42913189996,2089.359317100141,1.0816855054009321e-05,5.934008866121135e-06,catalog flux units,AT2020zso.json.txt,positive finite flux/error only; time shifted per band to min(time)=0
AT2020zso,r.ztf,60562.27265049983,2093.202835700009,2.3751927984949684e-06,4.368602352270199e-06,catalog flux units,AT2020zso.json.txt,positive finite flux/error only; time shifted per band to min(time)=0
AT2020zso,r.ztf,60575.31947920006,2106.2496644002385,9.729471181711958e-06,5.371591924317102e-06,catalog flux units,AT2020zso.json.txt,positive finite flux/error only; time shifted per band to min(time)=0
AT2020zso,r.ztf,60576.386713000014,2107.3168982001953,8.936431397712133e-06,6.6621064921476535e-06,catalog flux units,AT2020zso.json.txt,positive finite flux/error only; time shifted per band to min(time)=0
AT2020zso,r.ztf,60578.37513889978,2109.305324099958,5.882018639943173e-06,4.948005025174039e-06,catalog flux units,AT2020zso.json.txt,positive finite flux/error only; time shifted per band to min(time)=0
AT2020zso,r.ztf,60583.16960649984,2114.0997917000204,1.6981172757656904e-06,3.780835738866893e-06,catalog flux units,AT2020zso.json.txt,positive finite flux/error only; time shifted per band to min(time)=0
AT2020zso,r.ztf,60608.18486109981,2139.115046299994,1.9380186109373257e-06,4.107976125136942e-06,catalog flux units,AT2020zso.json.txt,positive finite flux/error only; time shifted per band to min(time)=0
AT2020zso,r.ztf,60640.140729200095,2171.070914400276,4.563664281532029e-07,4.58325523869326e-06,catalog flux units,AT2020zso.json.txt,positive finite flux/error only; time shifted per band to min(time)=0
AT2020zso,r.ztf,60654.13453700021,2185.06472220039,6.392500420565554e-06,1.3116700289322468e-05,catalog flux units,AT2020zso.json.txt,positive finite flux/error only; time shifted per band to min(time)=0
AT2020zso,r.ztf,60660.15459490009,2191.0847801002674,6.101949052671784e-06,1.2159842246584567e-05,catalog flux units,AT2020zso.json.txt,positive finite flux/error only; time shifted per band to min(time)=0
AT2020zso,r.ztf,60666.13548609987,2197.06567130005,1.0945272742274047e-05,1.0151206583884561e-05,catalog flux units,AT2020zso.json.txt,positive finite flux/error only; time shifted per band to min(time)=0
