event,band,time_original,time_days,magnitude,magnitude_error,flux,flux_err,flux_units,source_json,preprocessing
AT2018hyz,g,58405.480409999844,0.0,18.288869258134792,0.218,4.8356214653116713e-08,9.709222874010929e-09,relative flux proxy from magnitude conversion,AT2018hyz.json.txt,upper limits excluded; finite positive flux/error; time shifted per band to min(time)=0
AT2018hyz,g,58420.48647999996,15.006070000119507,16.459815419056905,0.1565,2.606596647659754e-07,3.757196025802851e-08,relative flux proxy from magnitude conversion,AT2018hyz.json.txt,upper limits excluded; finite positive flux/error; time shifted per band to min(time)=0
AT2018hyz,g,58432.352736666646,26.87232666680211,16.51513644967472,0.108,2.4771107276881756e-07,2.4640235576368244e-08,relative flux proxy from magnitude conversion,AT2018hyz.json.txt,upper limits excluded; finite positive flux/error; time shifted per band to min(time)=0
AT2018hyz,g,58433.50614333339,28.02573333354667,16.335915647864446,0.18033333333333332,2.9216873544214206e-07,4.852722210714488e-08,relative flux proxy from magnitude conversion,AT2018hyz.json.txt,upper limits excluded; finite positive flux/error; time shifted per band to min(time)=0
AT2018hyz,g,58437.5087133334,32.02830333355814,16.261482468584486,0.09333333333333334,3.12901044278243e-07,2.6897967791794487e-08,relative flux proxy from magnitude conversion,AT2018hyz.json.txt,upper limits excluded; finite positive flux/error; time shifted per band to min(time)=0
AT2018hyz,g,58438.50918000005,33.02877000020817,16.392250442799373,0.08700000000000001,2.773957627417383e-07,2.2227711715579627e-08,relative flux proxy from magnitude conversion,AT2018hyz.json.txt,upper limits excluded; finite positive flux/error; time shifted per band to min(time)=0
AT2018hyz,g,58439.47406333344,33.9936533335931,16.378572818331733,0.0775,2.8091237572463264e-07,2.0051564112213532e-08,relative flux proxy from magnitude conversion,AT2018hyz.json.txt,upper limits excluded; finite positive flux/error; time shifted per band to min(time)=0
AT2018hyz,g,58440.491121666586,35.01071166674228,16.370807273112355,0.10533333333333333,2.829287564641859e-07,2.744849889284715e-08,relative flux proxy from magnitude conversion,AT2018hyz.json.txt,upper limits excluded; finite positive flux/error; time shifted per band to min(time)=0
AT2018hyz,g,58441.087890625,35.60748062515631,16.2432095519059,0.04282958246767521,3.1821172601457956e-07,1.2552658096686409e-08,relative flux proxy from magnitude conversion,AT2018hyz.json.txt,upper limits excluded; finite positive flux/error; time shifted per band to min(time)=0
AT2018hyz,g,58441.48398833326,36.003578333416954,16.27408816377354,0.08916666666666667,3.09289185225401e-07,2.5400539801232756e-08,relative flux proxy from magnitude conversion,AT2018hyz.json.txt,upper limits excluded; finite positive flux/error; time shifted per band to min(time)=0
AT2018hyz,g,58442.291015625,36.81060562515631,16.263412191036245,0.0308349272236228,3.1234540664208536e-07,8.870615017012453e-09,relative flux proxy from magnitude conversion,AT2018hyz.json.txt,upper limits excluded; finite positive flux/error; time shifted per band to min(time)=0
AT2018hyz,g,58442.51182333349,37.031413333643286,16.442536813000174,0.08,2.648410340014049e-07,1.9514208540952455e-08,relative flux proxy from magnitude conversion,AT2018hyz.json.txt,upper limits excluded; finite positive flux/error; time shifted per band to min(time)=0
AT2018hyz,g,58443.466796875,37.98638687515631,16.269910458544118,0.04268452152609825,3.10481563397759e-07,1.220624026188812e-08,relative flux proxy from magnitude conversion,AT2018hyz.json.txt,upper limits excluded; finite positive flux/error; time shifted per band to min(time)=0
AT2018hyz,g,58444.513086666666,39.032676666822226,16.271059192692128,0.11499999999999999,3.101532404022937e-07,3.2851094483129525e-08,relative flux proxy from magnitude conversion,AT2018hyz.json.txt,upper limits excluded; finite positive flux/error; time shifted per band to min(time)=0
AT2018hyz,g,58446.076171875,40.59576187515631,16.35529752644947,0.1010812446475029,2.8699940040964404e-07,2.6719433762417934e-08,relative flux proxy from magnitude conversion,AT2018hyz.json.txt,upper limits excluded; finite positive flux/error; time shifted per band to min(time)=0
AT2018hyz,g,58449.33203125,43.85162125015631,16.430466214840752,0.07434779778122902,2.6780181376077446e-07,1.8338225259208236e-08,relative flux proxy from magnitude conversion,AT2018hyz.json.txt,upper limits excluded; finite positive flux/error; time shifted per band to min(time)=0
AT2018hyz,g,58449.42576000001,43.94535000016913,16.584325444664266,0.17700000000000002,2.3241803342213562e-07,3.788949077633675e-08,relative flux proxy from magnitude conversion,AT2018hyz.json.txt,upper limits excluded; finite positive flux/error; time shifted per band to min(time)=0
AT2018hyz,g,58453.041015625,47.56060562515631,16.477664819648474,0.04673410393297672,2.5640947658320533e-07,1.1036812694948456e-08,relative flux proxy from magnitude conversion,AT2018hyz.json.txt,upper limits excluded; finite positive flux/error; time shifted per band to min(time)=0
AT2018hyz,g,58455.021484375,49.54107437515631,16.545628107227326,0.0596886295825243,2.4085116819763814e-07,1.324085546753012e-08,relative flux proxy from magnitude conversion,AT2018hyz.json.txt,upper limits excluded; finite positive flux/error; time shifted per band to min(time)=0
AT2018hyz,g,58464.306640625,58.82623062515631,16.82494865857585,0.03850440494716167,1.8621751916300745e-07,6.603993432921939e-09,relative flux proxy from magnitude conversion,AT2018hyz.json.txt,upper limits excluded; finite positive flux/error; time shifted per band to min(time)=0
AT2018hyz,g,58464.474609375,58.99419937515631,16.75070194217693,0.0521780364215374,1.9939727695665388e-07,9.582583995821906e-09,relative flux proxy from magnitude conversion,AT2018hyz.json.txt,upper limits excluded; finite positive flux/error; time shifted per band to min(time)=0
AT2018hyz,g,58465.521484375,60.04107437515631,16.772147401267645,0.04499588161706924,1.954974241202912e-07,8.10194862583423e-09,relative flux proxy from magnitude conversion,AT2018hyz.json.txt,upper limits excluded; finite positive flux/error; time shifted per band to min(time)=0
AT2018hyz,g,58468.240234375,62.75982437515631,16.95519622582012,0.03559025749564171,1.6516632650619282e-07,5.4141255161276976e-09,relative flux proxy from magnitude conversion,AT2018hyz.json.txt,upper limits excluded; finite positive flux/error; time shifted per band to min(time)=0
AT2018hyz,g,58472.255859375,66.77544937515631,17.031118679991202,0.04396894946694374,1.5401127917417268e-07,6.236979223564812e-09,relative flux proxy from magnitude conversion,AT2018hyz.json.txt,upper limits excluded; finite positive flux/error; time shifted per band to min(time)=0
AT2018hyz,g,58476.064453125,70.58404312515631,17.07684978259697,0.0930992029607296,1.4765905578123127e-07,1.2661400018643538e-08,relative flux proxy from magnitude conversion,AT2018hyz.json.txt,upper limits excluded; finite positive flux/error; time shifted per band to min(time)=0
AT2018hyz,g,58476.515625,71.03521500015631,17.01484515651994,0.03901031240820885,1.5633705885832795e-07,5.617163248601933e-09,relative flux proxy from magnitude conversion,AT2018hyz.json.txt,upper limits excluded; finite positive flux/error; time shifted per band to min(time)=0
AT2018hyz,g,58481.322265625,75.84185562515631,17.197417869512197,0.04756406880915165,1.3213955873419006e-07,5.788786481007225e-09,relative flux proxy from magnitude conversion,AT2018hyz.json.txt,upper limits excluded; finite positive flux/error; time shifted per band to min(time)=0
AT2018hyz,g,58484.298828125,78.81841812515631,17.20336999286527,0.06110291182994842,1.3141713738076125e-07,7.395875465081059e-09,relative flux proxy from magnitude conversion,AT2018hyz.json.txt,upper limits excluded; finite positive flux/error; time shifted per band to min(time)=0
AT2018hyz,g,58485.267578125,79.78716812515631,17.314779524849413,0.04833824560046196,1.1860095608874848e-07,5.280253268467423e-09,relative flux proxy from magnitude conversion,AT2018hyz.json.txt,upper limits excluded; finite positive flux/error; time shifted per band to min(time)=0
AT2018hyz,g,58488.330078125,82.84966812515631,17.23519693267376,0.05940119922161102,1.2762073071716263e-07,6.982197348596788e-09,relative flux proxy from magnitude conversion,AT2018hyz.json.txt,upper limits excluded; finite positive flux/error; time shifted per band to min(time)=0
AT2018hyz,g,58492.16796875,86.68755875015631,17.450036145513685,0.02772890962660312,1.0470936884145672e-07,2.674200798443685e-09,relative flux proxy from magnitude conversion,AT2018hyz.json.txt,upper limits excluded; finite positive flux/error; time shifted per band to min(time)=0
AT2018hyz,g,58493.232421875,87.75201187515631,17.45802308881262,0.03273268416523933,1.0394192710577171e-07,3.1336325127312928e-09,relative flux proxy from magnitude conversion,AT2018hyz.json.txt,upper limits excluded; finite positive flux/error; time shifted per band to min(time)=0
AT2018hyz,g,58498.357421875,92.87701187515631,17.51967938836123,0.03916774690151214,9.82037890332641e-08,3.5426848038849847e-09,relative flux proxy from magnitude conversion,AT2018hyz.json.txt,upper limits excluded; finite positive flux/error; time shifted per band to min(time)=0
AT2018hyz,g,58510.419921875,104.93951187515631,17.618162610254593,0.04170486330986023,8.968812728244787e-08,3.445064346606268e-09,relative flux proxy from magnitude conversion,AT2018hyz.json.txt,upper limits excluded; finite positive flux/error; time shifted per band to min(time)=0
AT2018hyz,g,58516.681640625,111.20123062515631,17.74738998160547,0.04107449203729629,7.962400298781087e-08,3.012256073222749e-09,relative flux proxy from magnitude conversion,AT2018hyz.json.txt,upper limits excluded; finite positive flux/error; time shifted per band to min(time)=0
AT2018hyz,g,58521.50390625,116.02349625015631,17.641189626528362,0.05400871112942695,8.780599111580799e-08,4.367809039455535e-09,relative flux proxy from magnitude conversion,AT2018hyz.json.txt,upper limits excluded; finite positive flux/error; time shifted per band to min(time)=0
AT2018hyz,g,58525.484375,120.00396500015631,17.814241460634808,0.04180925711989403,7.486923847131545e-08,2.8830458336932896e-09,relative flux proxy from magnitude conversion,AT2018hyz.json.txt,upper limits excluded; finite positive flux/error; time shifted per band to min(time)=0
AT2018hyz,g,58525.693359375,120.21294937515631,17.84452356549853,0.04586274921894073,7.280992334135045e-08,3.0755751168844424e-09,relative flux proxy from magnitude conversion,AT2018hyz.json.txt,upper limits excluded; finite positive flux/error; time shifted per band to min(time)=0
AT2018hyz,g,58526.22265625,120.74224625015631,17.859756521059612,0.04657365381717682,7.179552764077154e-08,3.079735238918132e-09,relative flux proxy from magnitude conversion,AT2018hyz.json.txt,upper limits excluded; finite positive flux/error; time shifted per band to min(time)=0
AT2018hyz,g,58532.173828125,126.69341812515631,18.090334625532012,0.0444997102022171,5.80585452633996e-08,2.3795728904141455e-09,relative flux proxy from magnitude conversion,AT2018hyz.json.txt,upper limits excluded; finite positive flux/error; time shifted per band to min(time)=0
AT2018hyz,g,58537.982421875,132.5020118751563,18.053836692172982,0.0626969076693058,6.004340644697254e-08,3.4672657075067956e-09,relative flux proxy from magnitude conversion,AT2018hyz.json.txt,upper limits excluded; finite positive flux/error; time shifted per band to min(time)=0
AT2018hyz,g,58543.51171875,138.0313087501563,18.09581196069392,0.04770787432789802,5.7766388368684915e-08,2.538288384040493e-09,relative flux proxy from magnitude conversion,AT2018hyz.json.txt,upper limits excluded; finite positive flux/error; time shifted per band to min(time)=0
AT2018hyz,g,58547.30859375,141.8281837501563,18.044347814394573,0.05304278060793876,6.057046032549355e-08,2.959121768517186e-09,relative flux proxy from magnitude conversion,AT2018hyz.json.txt,upper limits excluded; finite positive flux/error; time shifted per band to min(time)=0
AT2018hyz,g,58549.240234375,143.7598243751563,18.115938021206908,0.05872988142073154,5.6705448730276736e-08,3.0673235959561833e-09,relative flux proxy from magnitude conversion,AT2018hyz.json.txt,upper limits excluded; finite positive flux/error; time shifted per band to min(time)=0
AT2018hyz,g,58555.919921875,150.4395118751563,18.22738619244861,0.06409177370369434,5.1173547316302746e-08,3.020810579806e-09,relative flux proxy from magnitude conversion,AT2018hyz.json.txt,upper limits excluded; finite positive flux/error; time shifted per band to min(time)=0
AT2018hyz,g,58563.189453125,157.7090431251563,18.290036078825434,0.05726151168346405,4.830427503464121e-08,2.547557866391264e-09,relative flux proxy from magnitude conversion,AT2018hyz.json.txt,upper limits excluded; finite positive flux/error; time shifted per band to min(time)=0
AT2018hyz,g,58569.1796875,163.6992775001563,18.47891982471834,0.05435632169246673,4.059121677996588e-08,2.03215958674971e-09,relative flux proxy from magnitude conversion,AT2018hyz.json.txt,upper limits excluded; finite positive flux/error; time shifted per band to min(time)=0
AT2018hyz,g,58574.130859375,168.6504493751563,18.468864517667395,0.05546292848885059,4.0968889573369766e-08,2.0928238210326757e-09,relative flux proxy from magnitude conversion,AT2018hyz.json.txt,upper limits excluded; finite positive flux/error; time shifted per band to min(time)=0
AT2018hyz,g,58574.87109375,169.3906837501563,18.417469962263493,0.07824916765093803,4.2954831038857834e-08,3.0957609782627423e-09,relative flux proxy from magnitude conversion,AT2018hyz.json.txt,upper limits excluded; finite positive flux/error; time shifted per band to min(time)=0
AT2018hyz,g,58577.26953125,171.7891212501563,18.56011205084477,0.04912449046969414,3.766649241626552e-08,1.7042327957939341e-09,relative flux proxy from magnitude conversion,AT2018hyz.json.txt,upper limits excluded; finite positive flux/error; time shifted per band to min(time)=0
AT2018hyz,g,58581.138671875,175.6582618751563,18.60912569426248,0.05577549897134304,3.6003914549902394e-08,1.8495618826580056e-09,relative flux proxy from magnitude conversion,AT2018hyz.json.txt,upper limits excluded; finite positive flux/error; time shifted per band to min(time)=0
AT2018hyz,g,58584.16015625,178.6797462501563,18.70924191839848,0.05832237005233764,3.283244554602299e-08,1.7636567984623433e-09,relative flux proxy from magnitude conversion,AT2018hyz.json.txt,upper limits excluded; finite positive flux/error; time shifted per band to min(time)=0
AT2018hyz,g,58586.509765625,181.0293556251563,18.75909825122258,0.05606401152908802,3.1358891285353473e-08,1.6192747693746935e-09,relative flux proxy from magnitude conversion,AT2018hyz.json.txt,upper limits excluded; finite positive flux/error; time shifted per band to min(time)=0
AT2018hyz,g,58593.1171875,187.6367775001563,18.95636193162551,0.07951591536402702,2.6149008566941473e-08,1.9150713985128047e-09,relative flux proxy from magnitude conversion,AT2018hyz.json.txt,upper limits excluded; finite positive flux/error; time shifted per band to min(time)=0
AT2018hyz,g,58594.2734375,188.7930275001563,18.82206159002934,0.04119063913822174,2.9592071250795296e-08,1.1226634268087195e-09,relative flux proxy from magnitude conversion,AT2018hyz.json.txt,upper limits excluded; finite positive flux/error; time shifted per band to min(time)=0
AT2018hyz,g,58599.083984375,193.6035743751563,18.761389835825494,0.07180963829159737,3.1292774148461445e-08,2.069676577877643e-09,relative flux proxy from magnitude conversion,AT2018hyz.json.txt,upper limits excluded; finite positive flux/error; time shifted per band to min(time)=0
AT2018hyz,g,58599.203125,193.7227150001563,18.909460119082073,0.05350175872445106,2.730335100901174e-08,1.3454256122725154e-09,relative flux proxy from magnitude conversion,AT2018hyz.json.txt,upper limits excluded; finite positive flux/error; time shifted per band to min(time)=0
AT2018hyz,g,58601.21875,195.7383400001563,18.94336514837895,0.05100077018141746,2.6463905719124766e-08,1.2431008266731337e-09,relative flux proxy from magnitude conversion,AT2018hyz.json.txt,upper limits excluded; finite positive flux/error; time shifted per band to min(time)=0
AT2018hyz,g,58603.23828125,197.7578712501563,19.00513272650395,0.06171853840351105,2.5000397240898486e-08,1.4211444460021096e-09,relative flux proxy from magnitude conversion,AT2018hyz.json.txt,upper limits excluded; finite positive flux/error; time shifted per band to min(time)=0
AT2018hyz,g,58604.234375,198.7539650001563,19.009172490908245,0.05974835902452469,2.4907549588949276e-08,1.3706692369102847e-09,relative flux proxy from magnitude conversion,AT2018hyz.json.txt,upper limits excluded; finite positive flux/error; time shifted per band to min(time)=0
AT2018hyz,g,58605.07421875,199.5938087501563,18.85766966294561,0.08060545846819878,2.8637304331082277e-08,2.1260440932007506e-09,relative flux proxy from magnitude conversion,AT2018hyz.json.txt,upper limits excluded; finite positive flux/error; time shifted per band to min(time)=0
AT2018hyz,g,58606.2734375,200.7930275001563,19.005504659487347,0.05085386708378792,2.4991834498109715e-08,1.1705711057411258e-09,relative flux proxy from magnitude conversion,AT2018hyz.json.txt,upper limits excluded; finite positive flux/error; time shifted per band to min(time)=0
AT2018hyz,g,58617.79296875,212.3125587501563,19.048567306538214,0.1733100786805153,2.4020004110377685e-08,3.8341807006456355e-09,relative flux proxy from magnitude conversion,AT2018hyz.json.txt,upper limits excluded; finite positive flux/error; time shifted per band to min(time)=0
AT2018hyz,g,58618.17578125,212.6953712501563,19.108259252382854,0.04116877540946007,2.273507017460754e-08,8.620648310657009e-10,relative flux proxy from magnitude conversion,AT2018hyz.json.txt,upper limits excluded; finite positive flux/error; time shifted per band to min(time)=0
AT2018hyz,g,58623.04296875,217.5625587501563,19.254972509218792,0.2887064218521118,1.9861452058084904e-08,5.281327758388929e-09,relative flux proxy from magnitude conversion,AT2018hyz.json.txt,upper limits excluded; finite positive flux/error; time shifted per band to min(time)=0
AT2018hyz,g,58625.1953125,219.7149025001563,19.218666127993206,0.06421995162963867,2.0536836652837844e-08,1.2147284494071412e-09,relative flux proxy from magnitude conversion,AT2018hyz.json.txt,upper limits excluded; finite positive flux/error; time shifted per band to min(time)=0
AT2018hyz,g,58628.1796875,222.6992775001563,19.145139745546917,0.06781697273254395,2.197577003554396e-08,1.3726448383556884e-09,relative flux proxy from magnitude conversion,AT2018hyz.json.txt,upper limits excluded; finite positive flux/error; time shifted per band to min(time)=0
AT2018hyz,g,58628.77734375,223.2969337501563,19.191535155920292,0.0683402493596077,2.105648802322506e-08,1.3253731761347705e-09,relative flux proxy from magnitude conversion,AT2018hyz.json.txt,upper limits excluded; finite positive flux/error; time shifted per band to min(time)=0
AT2018hyz,g,58629.18359375,223.7031837501563,19.13114552862797,0.04991758242249489,2.2260852321702246e-08,1.023460326452965e-09,relative flux proxy from magnitude conversion,AT2018hyz.json.txt,upper limits excluded; finite positive flux/error; time shifted per band to min(time)=0
AT2018hyz,g,58630.18359375,224.7031837501563,19.22431760199223,0.04857825860381126,2.0430216043994545e-08,9.140934178739974e-10,relative flux proxy from magnitude conversion,AT2018hyz.json.txt,upper limits excluded; finite positive flux/error; time shifted per band to min(time)=0
AT2018hyz,g,58631.1875,225.7070900001563,19.189441732241253,0.06501471251249313,2.1097126507550448e-08,1.2633120353886042e-09,relative flux proxy from magnitude conversion,AT2018hyz.json.txt,upper limits excluded; finite positive flux/error; time shifted per band to min(time)=0
AT2018hyz,g,58634.19921875,228.7188087501563,19.285404256655315,0.04844522476196289,1.931249113156817e-08,8.617175788023567e-10,relative flux proxy from magnitude conversion,AT2018hyz.json.txt,upper limits excluded; finite positive flux/error; time shifted per band to min(time)=0
AT2018hyz,g,58635.1796875,229.6992775001563,19.17713742621098,0.05680050328373909,2.1337573470883286e-08,1.1162793565218958e-09,relative flux proxy from magnitude conversion,AT2018hyz.json.txt,upper limits excluded; finite positive flux/error; time shifted per band to min(time)=0
AT2018hyz,g,58637.1796875,231.6992775001563,19.223037771059612,0.06110955402255058,2.0454312725258524e-08,1.1512501130574192e-09,relative flux proxy from magnitude conversion,AT2018hyz.json.txt,upper limits excluded; finite positive flux/error; time shifted per band to min(time)=0
AT2018hyz,g,58638.1796875,232.6992775001563,19.225887349917034,0.05396875366568565,2.0400699558503315e-08,1.0140587780489447e-09,relative flux proxy from magnitude conversion,AT2018hyz.json.txt,upper limits excluded; finite positive flux/error; time shifted per band to min(time)=0
AT2018hyz,g,58640.171875,234.6914650001563,19.17639928229008,0.06420513987541199,2.135208487357961e-08,1.2626580839175822e-09,relative flux proxy from magnitude conversion,AT2018hyz.json.txt,upper limits excluded; finite positive flux/error; time shifted per band to min(time)=0
AT2018hyz,g,58641.015625,235.5352150001563,19.476958397355883,0.21798960119485855,1.6188873930924688e-08,3.250334801888895e-09,relative flux proxy from magnitude conversion,AT2018hyz.json.txt,upper limits excluded; finite positive flux/error; time shifted per band to min(time)=0
AT2018hyz,g,58646.998046875,241.5176368751563,19.705359055274304,0.17366144061088562,1.3117660234648329e-08,2.098144801481163e-09,relative flux proxy from magnitude conversion,AT2018hyz.json.txt,upper limits excluded; finite positive flux/error; time shifted per band to min(time)=0
AT2018hyz,g,58652.978515625,247.4981056251563,19.388890873994253,0.08854181692004204,1.7556730812878765e-08,1.4317518735544712e-09,relative flux proxy from magnitude conversion,AT2018hyz.json.txt,upper limits excluded; finite positive flux/error; time shifted per band to min(time)=0
