event,band,N,mjd_first,mjd_last,baseline_days,historical_zero_mjd,historical_time_days_verified,historical_time_days_max_error,event_common_zero_mjd,band_offset_from_event_zero_days,cadence_q25_days,cadence_median_days,cadence_q75_days,cadence_q90_days,publication_reference_mjd,publication_reference_type,publication_reference_provenance_status,delta_first_from_reference,delta_last_from_reference,N_pre_reference,N_post_reference,fraction_pre_reference,fraction_post_reference,redshift,redshift_provenance_status,baseline_rest_days
AT2018hyz,g,79,58405.480409999844,58652.978515625,247.4981056251563,58405.480409999844,True,0,58405.480409999844,0,0.984375,2.0859375,4.8095703125,6.365429687499999,58429.0,bolometric_peak,PENDING_LITERATURE_VERIFICATION,-23.519590000156313,223.978515625,2,77,0.02531645569620253,0.9746835443037974,0.04573,REPOSITORY_RAW_JSON,236.67495971728488
AT2019qiz,g,55,58746.5,58907.47,160.97000000000116,58746.5,True,0,58745.49,1.0100000000020373,1.235000000002401,2.845000000001164,3.830000000003565,6.219000000000961,58764.0,bolometric_peak,PENDING_LITERATURE_VERIFICATION,-17.5,143.47000000000116,11,44,0.2,0.8,0.01513,REPOSITORY_RAW_JSON,158.57082344133377
AT2019qiz,i,29,58752.27,58903.11,150.84000000000378,58752.27,True,0,58745.49,6.779999999998836,3.7674999999981083,4.104999999999563,5.764999999997599,8.681999999999972,58764.0,bolometric_peak,PENDING_LITERATURE_VERIFICATION,-11.730000000003201,139.11000000000058,3,26,0.10344827586206896,0.896551724137931,0.01513,REPOSITORY_RAW_JSON,148.59180597559305
AT2019qiz,r,61,58745.49,58907.48,161.99000000000524,58745.49,True,0,58745.49,0,0.812499999996362,2.7400000000016007,3.7399999999979627,5.260000000002766,58764.0,bolometric_peak,PENDING_LITERATURE_VERIFICATION,-18.510000000002037,143.4800000000032,9,52,0.14754098360655737,0.8524590163934426,0.01513,REPOSITORY_RAW_JSON,159.5756208564472
AT2020wey,W1,8,56954.72054806,60029.019514975,3074.2989669149974,56954.72054806,True,0,56954.72054806,0,183.53475260499908,359.0256826199984,467.23746113750167,843.2395939020034,59152.0,r_band_peak,PENDING_LITERATURE_VERIFICATION,-2197.2794519399977,877.0195149749998,6,2,0.75,0.25,0.02741,REPOSITORY_RAW_JSON,2992.280556851693
AT2020wey,W2,10,56954.72054806,60396.10768027,3441.387132209995,56954.72054806,True,0,56954.72054806,0,205.95532600500155,360.6157693549976,367.08816529499745,604.8964651540024,59152.0,r_band_peak,PENDING_LITERATURE_VERIFICATION,-2197.2794519399977,1244.1076802699972,7,3,0.7,0.3,0.02741,REPOSITORY_RAW_JSON,3349.575273950998
AT2020wey,g,428,58422.47346059978,60686.28158560023,2263.808125000447,58422.47346059978,True,0,56954.72054806,1467.7529125397778,0.1524305499624461,1.0456481999717653,3.1443692001048476,9.889722240064296,59152.0,r_band_peak,PENDING_LITERATURE_VERIFICATION,-729.5265394002199,1534.2815856002271,139,289,0.3247663551401869,0.6752336448598131,0.02741,REPOSITORY_RAW_JSON,2203.412586017702
AT2020wey,r,433,58422.52891199989,60696.4343634001,2273.9054514002055,58422.52891199989,True,0,56954.72054806,1467.8083639398901,0.24902489979285747,1.0849247998557985,3.9472945999586955,11.030611119978133,59152.0,r_band_peak,PENDING_LITERATURE_VERIFICATION,-729.4710880001076,1544.434363400098,167,266,0.3856812933025404,0.6143187066974596,0.02741,REPOSITORY_RAW_JSON,2213.2405285136465
AT2020ysg,W1,16,56996.043039775,60438.61998174,3442.576941964995,56996.043039775,True,0,56806.16809949,189.87494028500078,158.44256403750114,205.75897701499343,208.66496966499835,362.71955594999747,59122.64,fitted_lightcurve_peak,PENDING_LITERATURE_VERIFICATION,-2126.596960224997,1315.979981739998,8,8,0.5,0.5,0.277,REPOSITORY_RAW_JSON,2695.831591202032
AT2020ysg,W2,14,56806.16809949,60438.61998174,3632.451882249996,56806.16809949,True,0,56806.16809949,0,158.5494064250015,206.17568296999525,364.1492613049995,364.6920641919976,59122.64,fitted_lightcurve_peak,PENDING_LITERATURE_VERIFICATION,-2316.471900509998,1315.979981739998,6,8,0.42857142857142855,0.5714285714285714,0.277,REPOSITORY_RAW_JSON,2844.5198764682814
AT2020ysg,g,327,58426.49311339995,60684.445439800154,2257.9523264002055,58426.49311339995,True,0,56806.16809949,1620.3250139099473,0.9825115749845281,2.01913774991408,5.033810775261372,13.452314799884334,59122.64,fitted_lightcurve_peak,PENDING_LITERATURE_VERIFICATION,-696.1468866000505,1561.805439800155,90,237,0.27522935779816515,0.7247706422018348,0.277,REPOSITORY_RAW_JSON,1768.1694020361826
AT2020ysg,i,67,58806.52000000002,60067.391342599876,1260.8713425998576,58806.52000000002,True,0,56806.16809949,2000.351900510017,3.0016927251126617,6.005028950050473,10.75515329989139,45.41247104969807,59122.64,fitted_lightcurve_peak,PENDING_LITERATURE_VERIFICATION,-316.1199999999808,944.7513425998768,7,60,0.1044776119402985,0.8955223880597015,0.277,REPOSITORY_RAW_JSON,987.3698845731069
AT2020ysg,r,421,58426.54271990014,60315.38252309989,1888.8398031997494,58426.54271990014,True,0,56806.16809949,1620.3746204101408,0.03492195007856935,1.5031308000907302,3.104149300022982,8.198711859807391,59122.64,fitted_lightcurve_peak,PENDING_LITERATURE_VERIFICATION,-696.097280099857,1192.7425230998924,116,305,0.2755344418052256,0.7244655581947743,0.277,REPOSITORY_RAW_JSON,1479.1227902895453
AT2020yue,W1,10,56803.40296148,60435.98879698,3632.5858354999946,56803.40296148,True,0,56803.40296148,0,363.07247099499364,364.1321023500059,367.0770541949969,438.60272669399717,59179.44,fitted_rest_frame_g_band_peak,PENDING_LITERATURE_VERIFICATION,-2376.0370385200004,1256.5487969799942,6,4,0.6,0.4,0.2042,REPOSITORY_RAW_JSON,3016.596774206938
AT2020yue,W2,13,56803.40296148,60435.98879698,3632.5858354999946,56803.40296148,True,0,56803.40296148,0,208.66536279375214,359.08036215250104,363.3361934749955,364.1316282065054,59179.44,fitted_rest_frame_g_band_peak,PENDING_LITERATURE_VERIFICATION,-2376.0370385200004,1256.5487969799942,7,6,0.5384615384615384,0.46153846153846156,0.2042,REPOSITORY_RAW_JSON,3016.596774206938
AT2020yue,g,168,58482.50486110011,60699.377465299796,2216.872604199685,58482.50486110011,True,0,56803.40296148,1679.1018996201092,1.9987789501901716,3.9372917003929615,8.45660874992609,29.983692139852792,59179.44,fitted_rest_frame_g_band_peak,PENDING_LITERATURE_VERIFICATION,-696.9351388998912,1519.937465299794,43,125,0.25595238095238093,0.7440476190476191,0.2042,REPOSITORY_RAW_JSON,1840.9505100479034
AT2020yue,r,230,58476.4469444002,60257.51686340012,1781.069918999914,58476.4469444002,True,0,56803.40296148,1673.0439829202005,0.05460650008171797,2.012696800287813,5.044294000137597,14.986861120164395,59179.44,fitted_rest_frame_g_band_peak,PENDING_LITERATURE_VERIFICATION,-702.9930555997998,1078.0768634001142,71,159,0.30869565217391304,0.691304347826087,0.2042,REPOSITORY_RAW_JSON,1479.0482635774076
AT2020zso,B,14,59173.046423,59341.692684,168.6462610000017,59173.046423,True,0,56806.59137009,2366.4550529100015,2.0586419999963255,4.048579999995127,5.217050999999628,6.781122400003371,59184.0,bolometric_peak,PENDING_LITERATURE_VERIFICATION,-10.953577000000223,157.69268400000146,5,9,0.35714285714285715,0.6428571428571429,0.0565,REPOSITORY_RAW_JSON,159.62731755797603
AT2020zso,U,15,59173.045444,59341.692298,168.6468539999987,59173.045444,True,0,56806.59137009,2366.454073910005,2.1583012500013865,4.181981000001542,5.433453999999983,16.462070500001587,59184.0,bolometric_peak,PENDING_LITERATURE_VERIFICATION,-10.954555999996956,157.69229800000176,5,10,0.3333333333333333,0.6666666666666666,0.0565,REPOSITORY_RAW_JSON,159.62787884524252
AT2020zso,UVM2,17,59173.053128,60411.751853,1238.698725000002,59173.053128,True,0,56806.59137009,2366.4617579100013,2.3575857499981794,5.367600500001572,9.609365249998518,59.92665299999862,59184.0,bolometric_peak,PENDING_LITERATURE_VERIFICATION,-10.94687200000044,1227.7518530000016,5,12,0.29411764705882354,0.7058823529411765,0.0565,REPOSITORY_RAW_JSON,1172.4550165641288
AT2020zso,UVW1,18,59173.044009,60411.742973,1238.698964000003,59173.044009,True,0,56806.59137009,2366.452638909999,2.4586969999945723,4.3851639999993495,7.132237999998324,50.77329059999905,59184.0,bolometric_peak,PENDING_LITERATURE_VERIFICATION,-10.955991000002541,1227.7429730000003,5,13,0.2777777777777778,0.7222222222222222,0.0565,REPOSITORY_RAW_JSON,1172.455242782776
AT2020zso,UVW2,18,59173.048803,60411.747556,1238.6987530000042,59173.048803,True,0,56806.59137009,2366.4574329099996,2.4573620000010123,4.385634000005666,7.13245299999835,50.77506280000383,59184.0,bolometric_peak,PENDING_LITERATURE_VERIFICATION,-10.95119700000214,1227.747556000002,5,13,0.2777777777777778,0.7222222222222222,0.0565,REPOSITORY_RAW_JSON,1172.4550430667339
AT2020zso,W1,10,56985.00447313,60454.79827351,3469.793800380001,56985.00447313,True,0,56806.59137009,178.41310304000217,201.1845707849934,364.10900625999784,527.4792737600073,730.9798859370028,59184.0,bolometric_peak,PENDING_LITERATURE_VERIFICATION,-2198.9955268699996,1270.7982735100013,5,5,0.5,0.5,0.0565,REPOSITORY_RAW_JSON,3284.234548395647
AT2020zso,W2,11,56806.59137009,60454.79827351,3648.206903420003,56806.59137009,True,0,56806.59137009,0,177.0553502775001,200.95438692250173,454.2825771400039,758.6445679330026,59184.0,bolometric_peak,PENDING_LITERATURE_VERIFICATION,-2377.4086299100018,1270.7982735100013,5,6,0.45454545454545453,0.5454545454545454,0.0565,REPOSITORY_RAW_JSON,3453.1063922574567
AT2020zso,g,162,58472.127419000026,60664.11395830009,2191.9865393000655,58472.127419000026,True,0,56806.59137009,1665.5360489100276,1.9953934997320175,4.0376736000180244,9.9384721997194,19.084814799949527,59184.0,bolometric_peak,PENDING_LITERATURE_VERIFICATION,-711.8725809999742,1480.1139583000913,53,109,0.3271604938271605,0.6728395061728395,0.0565,REPOSITORY_RAW_JSON,2074.762460293484
AT2020zso,i,40,58733.42484949995,60149.4699074002,1416.04505790025,58733.42484949995,True,0,56806.59137009,1926.83347940995,5.532494199927896,8.936979100108147,15.976087999995798,27.952078759949657,59184.0,bolometric_peak,PENDING_LITERATURE_VERIFICATION,-450.5751505000517,965.4699074001983,4,36,0.1,0.9,0.0565,REPOSITORY_RAW_JSON,1340.3171395175107
AT2020zso,r,232,58469.06981479982,60666.13548609987,2197.06567130005,58469.06981479982,True,0,56806.59137009,1662.478444709821,0.9914177998434752,2.9786457996815443,7.499218699987978,13.993807800114155,59184.0,bolometric_peak,PENDING_LITERATURE_VERIFICATION,-714.9301852001809,1482.135486099869,68,164,0.29310344827586204,0.7068965517241379,0.0565,REPOSITORY_RAW_JSON,2079.5699681022716
